[
{
    "model": "admin.logentry",
    "pk": 1,
    "fields": {
        "action_time": "2023-04-14T16:09:16.802Z",
        "user": 4,
        "content_type": 4,
        "object_id": "4",
        "object_repr": "admin",
        "action_flag": 2,
        "change_message": "[{\"changed\": {\"fields\": [\"User permissions\"]}}]"
    }
},
{
    "model": "auth.permission",
    "pk": 1,
    "fields": {
        "name": "Can add log entry",
        "content_type": 1,
        "codename": "add_logentry"
    }
},
{
    "model": "auth.permission",
    "pk": 2,
    "fields": {
        "name": "Can change log entry",
        "content_type": 1,
        "codename": "change_logentry"
    }
},
{
    "model": "auth.permission",
    "pk": 3,
    "fields": {
        "name": "Can delete log entry",
        "content_type": 1,
        "codename": "delete_logentry"
    }
},
{
    "model": "auth.permission",
    "pk": 4,
    "fields": {
        "name": "Can view log entry",
        "content_type": 1,
        "codename": "view_logentry"
    }
},
{
    "model": "auth.permission",
    "pk": 5,
    "fields": {
        "name": "Can add permission",
        "content_type": 2,
        "codename": "add_permission"
    }
},
{
    "model": "auth.permission",
    "pk": 6,
    "fields": {
        "name": "Can change permission",
        "content_type": 2,
        "codename": "change_permission"
    }
},
{
    "model": "auth.permission",
    "pk": 7,
    "fields": {
        "name": "Can delete permission",
        "content_type": 2,
        "codename": "delete_permission"
    }
},
{
    "model": "auth.permission",
    "pk": 8,
    "fields": {
        "name": "Can view permission",
        "content_type": 2,
        "codename": "view_permission"
    }
},
{
    "model": "auth.permission",
    "pk": 9,
    "fields": {
        "name": "Can add group",
        "content_type": 3,
        "codename": "add_group"
    }
},
{
    "model": "auth.permission",
    "pk": 10,
    "fields": {
        "name": "Can change group",
        "content_type": 3,
        "codename": "change_group"
    }
},
{
    "model": "auth.permission",
    "pk": 11,
    "fields": {
        "name": "Can delete group",
        "content_type": 3,
        "codename": "delete_group"
    }
},
{
    "model": "auth.permission",
    "pk": 12,
    "fields": {
        "name": "Can view group",
        "content_type": 3,
        "codename": "view_group"
    }
},
{
    "model": "auth.permission",
    "pk": 13,
    "fields": {
        "name": "Can add user",
        "content_type": 4,
        "codename": "add_user"
    }
},
{
    "model": "auth.permission",
    "pk": 14,
    "fields": {
        "name": "Can change user",
        "content_type": 4,
        "codename": "change_user"
    }
},
{
    "model": "auth.permission",
    "pk": 15,
    "fields": {
        "name": "Can delete user",
        "content_type": 4,
        "codename": "delete_user"
    }
},
{
    "model": "auth.permission",
    "pk": 16,
    "fields": {
        "name": "Can view user",
        "content_type": 4,
        "codename": "view_user"
    }
},
{
    "model": "auth.permission",
    "pk": 17,
    "fields": {
        "name": "Can add content type",
        "content_type": 5,
        "codename": "add_contenttype"
    }
},
{
    "model": "auth.permission",
    "pk": 18,
    "fields": {
        "name": "Can change content type",
        "content_type": 5,
        "codename": "change_contenttype"
    }
},
{
    "model": "auth.permission",
    "pk": 19,
    "fields": {
        "name": "Can delete content type",
        "content_type": 5,
        "codename": "delete_contenttype"
    }
},
{
    "model": "auth.permission",
    "pk": 20,
    "fields": {
        "name": "Can view content type",
        "content_type": 5,
        "codename": "view_contenttype"
    }
},
{
    "model": "auth.permission",
    "pk": 21,
    "fields": {
        "name": "Can add session",
        "content_type": 6,
        "codename": "add_session"
    }
},
{
    "model": "auth.permission",
    "pk": 22,
    "fields": {
        "name": "Can change session",
        "content_type": 6,
        "codename": "change_session"
    }
},
{
    "model": "auth.permission",
    "pk": 23,
    "fields": {
        "name": "Can delete session",
        "content_type": 6,
        "codename": "delete_session"
    }
},
{
    "model": "auth.permission",
    "pk": 24,
    "fields": {
        "name": "Can view session",
        "content_type": 6,
        "codename": "view_session"
    }
},
{
    "model": "auth.permission",
    "pk": 25,
    "fields": {
        "name": "Can add services",
        "content_type": 7,
        "codename": "add_services"
    }
},
{
    "model": "auth.permission",
    "pk": 26,
    "fields": {
        "name": "Can change services",
        "content_type": 7,
        "codename": "change_services"
    }
},
{
    "model": "auth.permission",
    "pk": 27,
    "fields": {
        "name": "Can delete services",
        "content_type": 7,
        "codename": "delete_services"
    }
},
{
    "model": "auth.permission",
    "pk": 28,
    "fields": {
        "name": "Can view services",
        "content_type": 7,
        "codename": "view_services"
    }
},
{
    "model": "auth.permission",
    "pk": 29,
    "fields": {
        "name": "Can add specialist",
        "content_type": 8,
        "codename": "add_specialist"
    }
},
{
    "model": "auth.permission",
    "pk": 30,
    "fields": {
        "name": "Can change specialist",
        "content_type": 8,
        "codename": "change_specialist"
    }
},
{
    "model": "auth.permission",
    "pk": 31,
    "fields": {
        "name": "Can delete specialist",
        "content_type": 8,
        "codename": "delete_specialist"
    }
},
{
    "model": "auth.permission",
    "pk": 32,
    "fields": {
        "name": "Can view specialist",
        "content_type": 8,
        "codename": "view_specialist"
    }
},
{
    "model": "auth.permission",
    "pk": 33,
    "fields": {
        "name": "Can add schedule specialist",
        "content_type": 9,
        "codename": "add_schedulespecialist"
    }
},
{
    "model": "auth.permission",
    "pk": 34,
    "fields": {
        "name": "Can change schedule specialist",
        "content_type": 9,
        "codename": "change_schedulespecialist"
    }
},
{
    "model": "auth.permission",
    "pk": 35,
    "fields": {
        "name": "Can delete schedule specialist",
        "content_type": 9,
        "codename": "delete_schedulespecialist"
    }
},
{
    "model": "auth.permission",
    "pk": 36,
    "fields": {
        "name": "Can view schedule specialist",
        "content_type": 9,
        "codename": "view_schedulespecialist"
    }
},
{
    "model": "auth.permission",
    "pk": 37,
    "fields": {
        "name": "Can add booking",
        "content_type": 10,
        "codename": "add_booking"
    }
},
{
    "model": "auth.permission",
    "pk": 38,
    "fields": {
        "name": "Can change booking",
        "content_type": 10,
        "codename": "change_booking"
    }
},
{
    "model": "auth.permission",
    "pk": 39,
    "fields": {
        "name": "Can delete booking",
        "content_type": 10,
        "codename": "delete_booking"
    }
},
{
    "model": "auth.permission",
    "pk": 40,
    "fields": {
        "name": "Can view booking",
        "content_type": 10,
        "codename": "view_booking"
    }
},
{
    "model": "auth.user",
    "pk": 1,
    "fields": {
        "password": "pbkdf2_sha256$390000$6AdUR40T6okWjYOjn6w0yR$3fYAqWETnei42yMHSCY3KEsHNBVDqczlU8OzgyjKCIg=",
        "last_login": null,
        "is_superuser": false,
        "username": "Anna",
        "first_name": "",
        "last_name": "",
        "email": "Anna@gmail.com",
        "is_staff": false,
        "is_active": true,
        "date_joined": "2023-04-13T15:19:52.504Z",
        "groups": [],
        "user_permissions": []
    }
},
{
    "model": "auth.user",
    "pk": 2,
    "fields": {
        "password": "pbkdf2_sha256$390000$d7hAYBAIZJ16uKDfQa56Ue$P5UAkWuIycTncv9EiVH1KF1N4vZtsZZ2FbxlRRKwV1Q=",
        "last_login": null,
        "is_superuser": false,
        "username": "Julia",
        "first_name": "",
        "last_name": "",
        "email": "seregina.j.s@gmail.com",
        "is_staff": false,
        "is_active": true,
        "date_joined": "2023-04-14T13:32:24.994Z",
        "groups": [],
        "user_permissions": []
    }
},
{
    "model": "auth.user",
    "pk": 3,
    "fields": {
        "password": "pbkdf2_sha256$390000$96IvYscxCjwVeF8SX1cmA1$ChdypNs0vnHBMzfkKHQepE+JanNcX+Ev+fqjnaF6U0s=",
        "last_login": "2023-04-14T14:35:39.875Z",
        "is_superuser": false,
        "username": "YULIIA",
        "first_name": "",
        "last_name": "",
        "email": "seregina.j.s@gmail.com",
        "is_staff": false,
        "is_active": true,
        "date_joined": "2023-04-14T13:40:22.879Z",
        "groups": [],
        "user_permissions": []
    }
},
{
    "model": "auth.user",
    "pk": 4,
    "fields": {
        "password": "pbkdf2_sha256$390000$dSKIZHJgwrvuxrp6NloeMr$iYgSR9RoGlt2z+dNTWEy1DrBcXWlyUqGiVccvOc4ITs=",
        "last_login": "2023-04-20T10:39:38.818Z",
        "is_superuser": true,
        "username": "admin",
        "first_name": "",
        "last_name": "",
        "email": "joe@example.com",
        "is_staff": true,
        "is_active": true,
        "date_joined": "2023-04-14T15:59:42Z",
        "groups": [],
        "user_permissions": [
            33,
            34,
            35,
            36,
            25,
            26,
            27,
            28,
            29,
            30,
            31,
            32
        ]
    }
},
{
    "model": "contenttypes.contenttype",
    "pk": 1,
    "fields": {
        "app_label": "admin",
        "model": "logentry"
    }
},
{
    "model": "contenttypes.contenttype",
    "pk": 2,
    "fields": {
        "app_label": "auth",
        "model": "permission"
    }
},
{
    "model": "contenttypes.contenttype",
    "pk": 3,
    "fields": {
        "app_label": "auth",
        "model": "group"
    }
},
{
    "model": "contenttypes.contenttype",
    "pk": 4,
    "fields": {
        "app_label": "auth",
        "model": "user"
    }
},
{
    "model": "contenttypes.contenttype",
    "pk": 5,
    "fields": {
        "app_label": "contenttypes",
        "model": "contenttype"
    }
},
{
    "model": "contenttypes.contenttype",
    "pk": 6,
    "fields": {
        "app_label": "sessions",
        "model": "session"
    }
},
{
    "model": "contenttypes.contenttype",
    "pk": 7,
    "fields": {
        "app_label": "salon",
        "model": "services"
    }
},
{
    "model": "contenttypes.contenttype",
    "pk": 8,
    "fields": {
        "app_label": "salon",
        "model": "specialist"
    }
},
{
    "model": "contenttypes.contenttype",
    "pk": 9,
    "fields": {
        "app_label": "salon",
        "model": "schedulespecialist"
    }
},
{
    "model": "contenttypes.contenttype",
    "pk": 10,
    "fields": {
        "app_label": "salon",
        "model": "booking"
    }
},
{
    "model": "salon.services",
    "pk": 1,
    "fields": {
        "name": "women's haircut",
        "time": 60,
        "price": 400
    }
},
{
    "model": "salon.services",
    "pk": 2,
    "fields": {
        "name": "men's haircut",
        "time": 30,
        "price": 200
    }
},
{
    "model": "salon.services",
    "pk": 3,
    "fields": {
        "name": "hair coloring",
        "time": 180,
        "price": 1000
    }
},
{
    "model": "salon.services",
    "pk": 4,
    "fields": {
        "name": "beard trim",
        "time": 20,
        "price": 200
    }
},
{
    "model": "salon.services",
    "pk": 5,
    "fields": {
        "name": "eyebrow trimming",
        "time": 5,
        "price": 100
    }
},
{
    "model": "salon.services",
    "pk": 6,
    "fields": {
        "name": "men's  manicure",
        "time": 60,
        "price": 200
    }
},
{
    "model": "salon.specialist",
    "pk": 1,
    "fields": {
        "name": "Anna",
        "level": 3,
        "phone": "+380669898980",
        "status": false,
        "services": [
            1,
            3
        ]
    }
},
{
    "model": "salon.specialist",
    "pk": 2,
    "fields": {
        "name": "Ivan",
        "level": 0,
        "phone": "+380678989890",
        "status": false,
        "services": [
            1,
            2
        ]
    }
},
{
    "model": "salon.specialist",
    "pk": 3,
    "fields": {
        "name": "Olga",
        "level": 2,
        "phone": "+380937260679",
        "status": true,
        "services": [
            1
        ]
    }
},
{
    "model": "salon.specialist",
    "pk": 4,
    "fields": {
        "name": "YULIIA",
        "level": 1,
        "phone": "+380937260679",
        "status": true,
        "services": [
            5
        ]
    }
},
{
    "model": "salon.specialist",
    "pk": 5,
    "fields": {
        "name": "Inga",
        "level": 3,
        "phone": "+380937260679",
        "status": true,
        "services": [
            1
        ]
    }
},
{
    "model": "salon.specialist",
    "pk": 6,
    "fields": {
        "name": "Tamara",
        "level": 2,
        "phone": "+380937260679",
        "status": true,
        "services": [
            5
        ]
    }
},
{
    "model": "salon.specialist",
    "pk": 7,
    "fields": {
        "name": "Katy",
        "level": 1,
        "phone": "+380937260679",
        "status": true,
        "services": [
            3
        ]
    }
},
{
    "model": "salon.specialist",
    "pk": 8,
    "fields": {
        "name": "Dana",
        "level": 1,
        "phone": "+380937260679",
        "status": true,
        "services": [
            2
        ]
    }
},
{
    "model": "salon.specialist",
    "pk": 9,
    "fields": {
        "name": "Юлия ",
        "level": 1,
        "phone": "+380937260679",
        "status": true,
        "services": [
            5
        ]
    }
},
{
    "model": "salon.specialist",
    "pk": 10,
    "fields": {
        "name": "YULIIA2",
        "level": 2,
        "phone": "+380937260679",
        "status": true,
        "services": [
            1,
            3
        ]
    }
},
{
    "model": "salon.specialist",
    "pk": 11,
    "fields": {
        "name": "Anton",
        "level": 3,
        "phone": "+380937260679",
        "status": true,
        "services": [
            2,
            4,
            5
        ]
    }
},
{
    "model": "salon.specialist",
    "pk": 12,
    "fields": {
        "name": "Evgen",
        "level": 3,
        "phone": "+380937260679",
        "status": true,
        "services": [
            1,
            2,
            3,
            4,
            5
        ]
    }
},
{
    "model": "salon.schedulespecialist",
    "pk": 1,
    "fields": {
        "specialist": 1,
        "date": "2023-03-27",
        "time_start": "10:00:00",
        "time_finish": "15:00:00"
    }
},
{
    "model": "salon.schedulespecialist",
    "pk": 2,
    "fields": {
        "specialist": 2,
        "date": "2023-03-27",
        "time_start": "13:00:00",
        "time_finish": "18:00:00"
    }
},
{
    "model": "salon.schedulespecialist",
    "pk": 3,
    "fields": {
        "specialist": 1,
        "date": "2023-03-31",
        "time_start": "10:00:00",
        "time_finish": "20:00:00"
    }
},
{
    "model": "salon.schedulespecialist",
    "pk": 4,
    "fields": {
        "specialist": 1,
        "date": "2023-04-01",
        "time_start": "10:00:00",
        "time_finish": "17:00:00"
    }
},
{
    "model": "salon.schedulespecialist",
    "pk": 5,
    "fields": {
        "specialist": 1,
        "date": "2023-04-02",
        "time_start": "10:00:00",
        "time_finish": "16:00:00"
    }
},
{
    "model": "salon.schedulespecialist",
    "pk": 6,
    "fields": {
        "specialist": 1,
        "date": "2023-04-03",
        "time_start": "12:00:00",
        "time_finish": "17:00:00"
    }
},
{
    "model": "salon.schedulespecialist",
    "pk": 7,
    "fields": {
        "specialist": 1,
        "date": "2023-04-04",
        "time_start": "13:00:00",
        "time_finish": "20:00:00"
    }
},
{
    "model": "salon.schedulespecialist",
    "pk": 8,
    "fields": {
        "specialist": 1,
        "date": "2023-04-05",
        "time_start": "18:00:00",
        "time_finish": "23:00:00"
    }
},
{
    "model": "salon.schedulespecialist",
    "pk": 9,
    "fields": {
        "specialist": 2,
        "date": "2023-04-03",
        "time_start": "10:00:00",
        "time_finish": "15:00:00"
    }
},
{
    "model": "salon.schedulespecialist",
    "pk": 10,
    "fields": {
        "specialist": 2,
        "date": "2023-04-04",
        "time_start": "10:00:00",
        "time_finish": "15:00:00"
    }
},
{
    "model": "salon.schedulespecialist",
    "pk": 11,
    "fields": {
        "specialist": 2,
        "date": "2023-04-05",
        "time_start": "15:00:00",
        "time_finish": "20:00:00"
    }
},
{
    "model": "salon.schedulespecialist",
    "pk": 12,
    "fields": {
        "specialist": 2,
        "date": "2023-04-06",
        "time_start": "13:00:00",
        "time_finish": "17:00:00"
    }
},
{
    "model": "salon.schedulespecialist",
    "pk": 13,
    "fields": {
        "specialist": 2,
        "date": "2023-04-07",
        "time_start": "14:00:00",
        "time_finish": "21:00:00"
    }
},
{
    "model": "salon.schedulespecialist",
    "pk": 15,
    "fields": {
        "specialist": 2,
        "date": "2023-04-08",
        "time_start": "10:00:00",
        "time_finish": "15:00:00"
    }
},
{
    "model": "salon.schedulespecialist",
    "pk": 16,
    "fields": {
        "specialist": 11,
        "date": "2023-04-04",
        "time_start": "09:00:00",
        "time_finish": "19:00:00"
    }
},
{
    "model": "salon.schedulespecialist",
    "pk": 17,
    "fields": {
        "specialist": 11,
        "date": "2023-04-05",
        "time_start": "12:00:00",
        "time_finish": "17:00:00"
    }
},
{
    "model": "salon.schedulespecialist",
    "pk": 18,
    "fields": {
        "specialist": 3,
        "date": "2023-04-07",
        "time_start": "09:00:00",
        "time_finish": "15:00:00"
    }
},
{
    "model": "salon.schedulespecialist",
    "pk": 19,
    "fields": {
        "specialist": 3,
        "date": "2023-04-08",
        "time_start": "10:00:00",
        "time_finish": "20:00:00"
    }
},
{
    "model": "salon.schedulespecialist",
    "pk": 20,
    "fields": {
        "specialist": 3,
        "date": "2023-04-09",
        "time_start": "12:00:00",
        "time_finish": "21:00:00"
    }
},
{
    "model": "salon.schedulespecialist",
    "pk": 21,
    "fields": {
        "specialist": 3,
        "date": "2023-04-10",
        "time_start": "12:00:00",
        "time_finish": "19:00:00"
    }
},
{
    "model": "salon.schedulespecialist",
    "pk": 22,
    "fields": {
        "specialist": 5,
        "date": "2023-04-10",
        "time_start": "10:00:00",
        "time_finish": "17:00:00"
    }
},
{
    "model": "salon.schedulespecialist",
    "pk": 23,
    "fields": {
        "specialist": 5,
        "date": "2023-04-11",
        "time_start": "10:00:00",
        "time_finish": "21:00:00"
    }
},
{
    "model": "salon.schedulespecialist",
    "pk": 24,
    "fields": {
        "specialist": 5,
        "date": "2023-04-12",
        "time_start": "12:00:00",
        "time_finish": "22:00:00"
    }
},
{
    "model": "salon.schedulespecialist",
    "pk": 25,
    "fields": {
        "specialist": 5,
        "date": "2023-04-13",
        "time_start": "12:00:00",
        "time_finish": "19:00:00"
    }
},
{
    "model": "salon.schedulespecialist",
    "pk": 26,
    "fields": {
        "specialist": 6,
        "date": "2023-04-11",
        "time_start": "11:00:00",
        "time_finish": "21:00:00"
    }
},
{
    "model": "salon.schedulespecialist",
    "pk": 27,
    "fields": {
        "specialist": 1,
        "date": "2023-04-15",
        "time_start": "10:00:00",
        "time_finish": "17:00:00"
    }
},
{
    "model": "salon.schedulespecialist",
    "pk": 28,
    "fields": {
        "specialist": 12,
        "date": "2023-04-15",
        "time_start": "10:00:00",
        "time_finish": "21:00:00"
    }
},
{
    "model": "salon.schedulespecialist",
    "pk": 29,
    "fields": {
        "specialist": 3,
        "date": "2023-04-22",
        "time_start": "10:00:00",
        "time_finish": "21:00:00"
    }
},
{
    "model": "salon.schedulespecialist",
    "pk": 30,
    "fields": {
        "specialist": 3,
        "date": "2023-04-23",
        "time_start": "10:00:00",
        "time_finish": "21:00:00"
    }
},
{
    "model": "salon.schedulespecialist",
    "pk": 31,
    "fields": {
        "specialist": 3,
        "date": "2023-04-24",
        "time_start": "15:00:00",
        "time_finish": "21:00:00"
    }
},
{
    "model": "salon.schedulespecialist",
    "pk": 32,
    "fields": {
        "specialist": 3,
        "date": "2023-04-26",
        "time_start": "12:00:00",
        "time_finish": "19:00:00"
    }
},
{
    "model": "salon.schedulespecialist",
    "pk": 33,
    "fields": {
        "specialist": 2,
        "date": "2023-04-25",
        "time_start": "12:00:00",
        "time_finish": "20:00:00"
    }
},
{
    "model": "salon.schedulespecialist",
    "pk": 34,
    "fields": {
        "specialist": 2,
        "date": "2023-04-27",
        "time_start": "15:00:00",
        "time_finish": "17:00:00"
    }
},
{
    "model": "salon.booking",
    "pk": 1,
    "fields": {
        "specialist": 1,
        "service": 3,
        "client": 1,
        "date": "2023-04-04",
        "time_start": "14:00:00",
        "status": true
    }
},
{
    "model": "salon.booking",
    "pk": 2,
    "fields": {
        "specialist": 1,
        "service": 3,
        "client": 1,
        "date": "2023-04-05",
        "time_start": "18:00:00",
        "status": true
    }
},
{
    "model": "salon.booking",
    "pk": 3,
    "fields": {
        "specialist": 1,
        "service": 3,
        "client": 1,
        "date": "2023-04-05",
        "time_start": "20:00:00",
        "status": true
    }
},
{
    "model": "salon.booking",
    "pk": 4,
    "fields": {
        "specialist": 2,
        "service": 2,
        "client": 1,
        "date": "2023-04-08",
        "time_start": "10:00:00",
        "status": true
    }
},
{
    "model": "salon.booking",
    "pk": 5,
    "fields": {
        "specialist": 11,
        "service": 4,
        "client": 1,
        "date": "2023-04-04",
        "time_start": "10:00:00",
        "status": true
    }
},
{
    "model": "salon.booking",
    "pk": 6,
    "fields": {
        "specialist": 11,
        "service": 5,
        "client": 1,
        "date": "2023-04-05",
        "time_start": "13:00:00",
        "status": true
    }
},
{
    "model": "salon.booking",
    "pk": 7,
    "fields": {
        "specialist": 2,
        "service": 1,
        "client": 1,
        "date": "2023-04-07",
        "time_start": "14:00:00",
        "status": true
    }
},
{
    "model": "salon.booking",
    "pk": 8,
    "fields": {
        "specialist": 6,
        "service": 5,
        "client": 1,
        "date": "2023-04-11",
        "time_start": "11:00:00",
        "status": true
    }
},
{
    "model": "salon.booking",
    "pk": 9,
    "fields": {
        "specialist": 5,
        "service": 1,
        "client": 1,
        "date": "2023-04-13",
        "time_start": "12:00:00",
        "status": true
    }
},
{
    "model": "salon.booking",
    "pk": 10,
    "fields": {
        "specialist": 5,
        "service": 1,
        "client": 1,
        "date": "2023-04-13",
        "time_start": "13:00:00",
        "status": true
    }
},
{
    "model": "salon.booking",
    "pk": 11,
    "fields": {
        "specialist": 2,
        "service": 2,
        "client": 1,
        "date": "2023-04-08",
        "time_start": "10:30:00",
        "status": true
    }
},
{
    "model": "salon.booking",
    "pk": 12,
    "fields": {
        "specialist": 2,
        "service": 2,
        "client": 1,
        "date": "2023-04-08",
        "time_start": "10:30:00",
        "status": true
    }
},
{
    "model": "salon.booking",
    "pk": 13,
    "fields": {
        "specialist": 2,
        "service": 2,
        "client": 1,
        "date": "2023-04-08",
        "time_start": "10:30:00",
        "status": true
    }
},
{
    "model": "salon.booking",
    "pk": 14,
    "fields": {
        "specialist": 2,
        "service": 1,
        "client": 1,
        "date": "2023-04-07",
        "time_start": "14:00:00",
        "status": true
    }
},
{
    "model": "salon.booking",
    "pk": 15,
    "fields": {
        "specialist": 5,
        "service": 1,
        "client": 1,
        "date": "2023-04-12",
        "time_start": "14:00:00",
        "status": true
    }
},
{
    "model": "salon.booking",
    "pk": 16,
    "fields": {
        "specialist": 6,
        "service": 5,
        "client": 1,
        "date": "2023-04-11",
        "time_start": "14:00:00",
        "status": true
    }
},
{
    "model": "salon.booking",
    "pk": 17,
    "fields": {
        "specialist": 6,
        "service": 5,
        "client": 1,
        "date": "2023-04-11",
        "time_start": "11:00:00",
        "status": true
    }
},
{
    "model": "salon.booking",
    "pk": 18,
    "fields": {
        "specialist": 6,
        "service": 5,
        "client": 1,
        "date": "2023-04-11",
        "time_start": "11:30:00",
        "status": true
    }
},
{
    "model": "salon.booking",
    "pk": 19,
    "fields": {
        "specialist": 2,
        "service": 2,
        "client": 1,
        "date": "2023-04-07",
        "time_start": "11:00:00",
        "status": true
    }
},
{
    "model": "salon.booking",
    "pk": 20,
    "fields": {
        "specialist": 2,
        "service": 2,
        "client": 1,
        "date": "2023-04-07",
        "time_start": "11:00:00",
        "status": true
    }
},
{
    "model": "salon.booking",
    "pk": 21,
    "fields": {
        "specialist": 3,
        "service": 1,
        "client": 1,
        "date": "2023-04-07",
        "time_start": "12:00:00",
        "status": true
    }
},
{
    "model": "salon.booking",
    "pk": 22,
    "fields": {
        "specialist": 5,
        "service": 1,
        "client": 1,
        "date": "2023-04-10",
        "time_start": "14:00:00",
        "status": true
    }
},
{
    "model": "salon.booking",
    "pk": 23,
    "fields": {
        "specialist": 6,
        "service": 5,
        "client": 1,
        "date": "2023-04-11",
        "time_start": "15:00:00",
        "status": true
    }
},
{
    "model": "salon.booking",
    "pk": 24,
    "fields": {
        "specialist": 2,
        "service": 1,
        "client": 1,
        "date": "2023-04-07",
        "time_start": "15:30:00",
        "status": true
    }
},
{
    "model": "salon.booking",
    "pk": 25,
    "fields": {
        "specialist": 3,
        "service": 1,
        "client": 1,
        "date": "2023-04-08",
        "time_start": "16:30:00",
        "status": true
    }
},
{
    "model": "salon.booking",
    "pk": 26,
    "fields": {
        "specialist": 2,
        "service": 2,
        "client": 1,
        "date": "2023-04-08",
        "time_start": "13:30:00",
        "status": true
    }
},
{
    "model": "salon.booking",
    "pk": 27,
    "fields": {
        "specialist": 3,
        "service": 1,
        "client": 1,
        "date": "2023-04-10",
        "time_start": "18:00:00",
        "status": true
    }
},
{
    "model": "salon.booking",
    "pk": 28,
    "fields": {
        "specialist": 5,
        "service": 1,
        "client": 1,
        "date": "2023-04-13",
        "time_start": "15:00:00",
        "status": true
    }
},
{
    "model": "salon.booking",
    "pk": 29,
    "fields": {
        "specialist": 1,
        "service": 3,
        "client": 3,
        "date": "2023-04-15",
        "time_start": "10:15:00",
        "status": true
    }
},
{
    "model": "salon.booking",
    "pk": 30,
    "fields": {
        "specialist": 1,
        "service": 1,
        "client": 3,
        "date": "2023-04-15",
        "time_start": "13:45:00",
        "status": true
    }
},
{
    "model": "salon.booking",
    "pk": 31,
    "fields": {
        "specialist": 1,
        "service": 1,
        "client": 3,
        "date": "2023-04-15",
        "time_start": "14:45:00",
        "status": true
    }
}
]
